{
  "source": "INBOLT dataset (/mnt/algonas/Local/Data/new_depth_stereo_datasets/Inbolt_datasets/Data Collection-20260322T091926Z-1-001/Data Collection)",
  "n_frames": 18,
  "resolution": "640x480",
  "ground_truth": "inbolt_gt",
  "distance_bins": [
    "0\u20131 m",
    "1\u20132 m",
    "2\u20133 m",
    "3\u20135 m"
  ],
  "model_configs": {
    "original": {
      "model_path": "/home/adiroha/repos/Fast-FoundationStereo/scripts/../weights/20-30-48/model_best_bp2_serialize.pth"
    },
    "finetuned": {
      "model_path": "/home/adiroha/repos/Fast-FoundationStereo/scripts/../weights/20-30-48/model_finetuned_inbolt.pth"
    }
  },
  "methods": {
    "inbolt_gt": {
      "label": "INBOLT GT",
      "mae_mean": 0.0,
      "mae_std": 0.0,
      "rmse_mean": 0.0,
      "mre_mean": 0.0,
      "delta1_mean": 100.0,
      "coverage_mean": 82.82678674768518,
      "fps_mean": -1,
      "time_ms_mean": 0.0,
      "close_range_coverage": 11.11111111111111,
      "gpu_load_mean": 0.0,
      "is_ground_truth": true
    },
    "finetuned": {
      "label": "Fine-tuned on INBOLT",
      "mae_mean": 1.6767229106691148,
      "mae_std": 0.536349470929079,
      "rmse_mean": 1.7066909637716081,
      "mre_mean": 1.5533691114849515,
      "delta1_mean": 0.0,
      "coverage_mean": 82.82678674768518,
      "fps_mean": 7.647078616211989,
      "time_ms_mean": 130.7688923035231,
      "close_range_coverage": 11.11111111111111,
      "gpu_load_mean": 0.0,
      "is_ground_truth": false
    },
    "original": {
      "label": "Original model",
      "mae_mean": 2.0390118095609875,
      "mae_std": 0.5198340669356416,
      "rmse_mean": 2.089192913638221,
      "mre_mean": 1.943986799981859,
      "delta1_mean": 0.0,
      "coverage_mean": 82.82678674768518,
      "fps_mean": 22.173151912024117,
      "time_ms_mean": 45.09958728320069,
      "close_range_coverage": 11.11111111111111,
      "gpu_load_mean": 0.0,
      "is_ground_truth": false
    }
  }
}