{
  "source": "FARO dataset (/mnt/algonas/Local/Data/Stereo/Faro/FARO_DATA_BASE)",
  "n_frames": 445,
  "resolution": "1280x720",
  "ground_truth": "faro_gt",
  "distance_bins": [
    "0\u20131 m",
    "1\u20132 m",
    "2\u20133 m",
    "3\u20135 m"
  ],
  "model_configs": {
    "original": {
      "model_path": "/home/adiroha/repos/Fast-FoundationStereo/scripts/../weights/20-30-48/model_best_bp2_serialize.pth"
    },
    "finetuned": {
      "model_path": "/home/adiroha/repos/Fast-FoundationStereo/scripts/../weights/20-30-48/model_finetuned_faro_kitchen.pth"
    }
  },
  "methods": {
    "faro_gt": {
      "label": "FARO GT",
      "mae_mean": 0.0,
      "mae_std": 0.0,
      "rmse_mean": 0.0,
      "mre_mean": 0.0,
      "delta1_mean": 100.0,
      "coverage_mean": 99.13976791705682,
      "fps_mean": -1,
      "time_ms_mean": 0.0,
      "close_range_coverage": 8.539325842696629,
      "gpu_load_mean": 0.0,
      "is_ground_truth": true
    },
    "finetuned": {
      "label": "Fine-tuned on FARO",
      "mae_mean": 0.017334664322101,
      "mae_std": 0.0018994669092165116,
      "rmse_mean": 0.06851478966601779,
      "mre_mean": 0.010713689330588565,
      "delta1_mean": 99.3566269030714,
      "coverage_mean": 99.13976084581773,
      "fps_mean": 6.537700676068054,
      "time_ms_mean": 152.95897587673383,
      "close_range_coverage": 8.539325842696629,
      "gpu_load_mean": 0.0,
      "is_ground_truth": false
    },
    "original": {
      "label": "Original model",
      "mae_mean": 0.019633635941348718,
      "mae_std": 0.0025874206605145706,
      "rmse_mean": 0.07497013829899637,
      "mre_mean": 0.012076542543226414,
      "delta1_mean": 99.20257452337185,
      "coverage_mean": 99.13975767595193,
      "fps_mean": 6.88069782103528,
      "time_ms_mean": 145.3340963387255,
      "close_range_coverage": 8.539325842696629,
      "gpu_load_mean": 0.0,
      "is_ground_truth": false
    }
  }
}